reference_driver_code,comparison_driver_code,team,year,race_name,session_name,session_kind,matched_gap_median_s,matched_gap_se_s,n_matched_pairs,weather_bucket,skip_reason
ALB,SAI,Williams,2026,Australian Grand Prix,Race,race,0.26599999999999113,0.13167885069258503,25,dry,
ANT,RUS,Mercedes,2026,Australian Grand Prix,Race,race,0.07499999999998863,0.0753707687620608,37,dry,
BEA,OCO,Haas F1 Team,2026,Australian Grand Prix,Race,race,0.465999999999994,0.1415535575167416,31,dry,
BOT,PER,Cadillac,2026,Australian Grand Prix,Race,race,0.6730000000000018,0.9806290057136001,9,dry,
COL,GAS,Alpine,2026,Australian Grand Prix,Race,race,-0.7115000000000009,0.19099781872185406,20,dry,
HAM,LEC,Ferrari,2026,Australian Grand Prix,Race,race,0.09299999999999642,0.06872471480788668,32,dry,
LAW,LIN,Racing Bulls,2026,Australian Grand Prix,Race,race,-0.8164999999999978,0.1390230021718824,22,dry,
ALO,STR,Aston Martin,2026,Australian Grand Prix,Race,race,,,0,,insufficient_matched_pairs
BOR,HUL,Audi,2026,Australian Grand Prix,Race,race,,,0,,missing_lap_time_data
NOR,PIA,McLaren,2026,Australian Grand Prix,Race,race,,,0,,missing_lap_time_data
HAD,VER,Red Bull Racing,2026,Australian Grand Prix,Race,race,,,0,,insufficient_matched_pairs
ANT,RUS,Mercedes,2026,Australian Grand Prix,Qualifying,qualifying,-0.4480000000000075,0.356260804579847,3,dry,
BEA,OCO,Haas F1 Team,2026,Australian Grand Prix,Qualifying,qualifying,-0.07350000000000279,0.29246265823599055,6,dry,
BOR,HUL,Audi,2026,Australian Grand Prix,Qualifying,qualifying,0.5389999999999944,0.2146309068078454,4,dry,
COL,GAS,Alpine,2026,Australian Grand Prix,Qualifying,qualifying,-0.7189999999999941,0.2615172811581371,5,dry,
HAM,LEC,Ferrari,2026,Australian Grand Prix,Qualifying,qualifying,-0.15099999999999625,0.14558250843683443,3,dry,
LAW,LIN,Racing Bulls,2026,Australian Grand Prix,Qualifying,qualifying,1.0889999999999986,0.5773414936207659,3,dry,
NOR,PIA,McLaren,2026,Australian Grand Prix,Qualifying,qualifying,-0.19750000000000512,0.2708783036774154,4,dry,
ALO,STR,Aston Martin,2026,Australian Grand Prix,Qualifying,qualifying,,,0,,missing_lap_time_data
BOT,PER,Cadillac,2026,Australian Grand Prix,Qualifying,qualifying,,,0,,insufficient_matched_pairs
HAD,VER,Red Bull Racing,2026,Australian Grand Prix,Qualifying,qualifying,,,0,,insufficient_matched_pairs
ALB,SAI,Williams,2026,Australian Grand Prix,Qualifying,qualifying,,,0,,missing_lap_time_data
ANT,RUS,Mercedes,2026,Chinese Grand Prix,Race,race,0.0030000000000001137,0.07382218947856611,40,dry,
BEA,OCO,Haas F1 Team,2026,Chinese Grand Prix,Race,race,0.742999999999995,0.4901165299690979,17,dry,
BOT,PER,Cadillac,2026,Chinese Grand Prix,Race,race,-0.030000000000001137,0.09706438546617308,35,dry,
COL,GAS,Alpine,2026,Chinese Grand Prix,Race,race,-0.5775000000000077,0.6003661749657826,22,dry,
HAD,VER,Red Bull Racing,2026,Chinese Grand Prix,Race,race,-0.5144999999999982,0.08872908852315924,18,dry,
HAM,LEC,Ferrari,2026,Chinese Grand Prix,Race,race,0.04200000000000159,0.062365980747155415,37,dry,
LAW,LIN,Racing Bulls,2026,Chinese Grand Prix,Race,race,0.7134999999999962,0.09653551182229451,30,dry,
ALO,STR,Aston Martin,2026,Chinese Grand Prix,Race,race,,,0,,insufficient_matched_pairs
BOR,HUL,Audi,2026,Chinese Grand Prix,Race,race,,,0,,missing_lap_time_data
NOR,PIA,McLaren,2026,Chinese Grand Prix,Race,race,,,0,,missing_lap_time_data
ALB,SAI,Williams,2026,Chinese Grand Prix,Race,race,,,0,,missing_lap_time_data
ALB,SAI,Williams,2026,Chinese Grand Prix,Qualifying,qualifying,-0.1490000000000009,0.7992567706221752,3,dry,
ALO,STR,Aston Martin,2026,Chinese Grand Prix,Qualifying,qualifying,0.7920000000000016,0.08822136907213085,3,dry,
ANT,RUS,Mercedes,2026,Chinese Grand Prix,Qualifying,qualifying,-0.043000000000006366,0.16827966066995592,3,dry,
BEA,OCO,Haas F1 Team,2026,Chinese Grand Prix,Qualifying,qualifying,0.2995000000000019,0.06221445537982554,4,dry,
BOR,HUL,Audi,2026,Chinese Grand Prix,Qualifying,qualifying,-0.3259999999999934,0.13630406211243046,3,dry,
COL,GAS,Alpine,2026,Chinese Grand Prix,Qualifying,qualifying,-0.4100000000000037,0.38191014694079006,4,dry,
HAD,VER,Red Bull Racing,2026,Chinese Grand Prix,Qualifying,qualifying,-0.1460000000000008,0.08797861524677975,4,dry,
HAM,LEC,Ferrari,2026,Chinese Grand Prix,Qualifying,qualifying,-0.03399999999999892,0.1123849205648577,4,dry,
LAW,LIN,Racing Bulls,2026,Chinese Grand Prix,Qualifying,qualifying,0.16150000000000375,0.49172529885829963,4,dry,
NOR,PIA,McLaren,2026,Chinese Grand Prix,Qualifying,qualifying,0.017499999999998295,0.062421180728610186,4,dry,
BOT,PER,Cadillac,2026,Chinese Grand Prix,Qualifying,qualifying,,,0,,insufficient_matched_pairs
ALB,SAI,Williams,2026,Japanese Grand Prix,Race,race,-0.22400000000000375,0.08344064753260742,27,dry,
ALO,STR,Aston Martin,2026,Japanese Grand Prix,Race,race,-0.10200000000000387,0.04944423690950582,19,dry,
ANT,RUS,Mercedes,2026,Japanese Grand Prix,Race,race,0.3504999999999967,0.0674679769643773,38,dry,
BEA,OCO,Haas F1 Team,2026,Japanese Grand Prix,Race,race,-0.21749999999999403,0.1613050630555893,12,dry,
BOR,HUL,Audi,2026,Japanese Grand Prix,Race,race,-0.4065000000000083,0.07025663224297005,38,dry,
BOT,PER,Cadillac,2026,Japanese Grand Prix,Race,race,0.49500000000000455,1.4195398871631804,19,dry,
COL,GAS,Alpine,2026,Japanese Grand Prix,Race,race,-0.9570000000000007,0.08354762896878859,28,dry,
HAD,VER,Red Bull Racing,2026,Japanese Grand Prix,Race,race,-0.8990000000000009,0.1318320639756953,31,dry,
HAM,LEC,Ferrari,2026,Japanese Grand Prix,Race,race,-0.06799999999999784,0.09553532317407001,27,dry,
LAW,LIN,Racing Bulls,2026,Japanese Grand Prix,Race,race,0.04200000000000159,0.07190101314787807,29,dry,
NOR,PIA,McLaren,2026,Japanese Grand Prix,Race,race,-0.22299999999999898,0.0804676372254118,33,dry,
ALB,SAI,Williams,2026,Japanese Grand Prix,Qualifying,qualifying,0.07900000000000773,0.12486881490963098,3,dry,
ALO,STR,Aston Martin,2026,Japanese Grand Prix,Qualifying,qualifying,0.5619999999999976,0.47272961700616073,3,dry,
ANT,RUS,Mercedes,2026,Japanese Grand Prix,Qualifying,qualifying,0.34949999999999903,0.10795255090546428,4,dry,
BEA,OCO,Haas F1 Team,2026,Japanese Grand Prix,Qualifying,qualifying,-0.22500000000000853,0.14977794499794983,3,dry,
BOR,HUL,Audi,2026,Japanese Grand Prix,Qualifying,qualifying,0.09100000000000819,0.18769989144708774,5,dry,
COL,GAS,Alpine,2026,Japanese Grand Prix,Qualifying,qualifying,-0.722999999999999,0.11086323221093874,4,dry,
HAD,VER,Red Bull Racing,2026,Japanese Grand Prix,Qualifying,qualifying,0.04399999999999693,0.11161527614923306,4,dry,
HAM,LEC,Ferrari,2026,Japanese Grand Prix,Qualifying,qualifying,-0.29399999999999693,0.11953458423329993,4,dry,
LAW,LIN,Racing Bulls,2026,Japanese Grand Prix,Qualifying,qualifying,0.016500000000000625,0.30973177018706816,4,dry,
NOR,PIA,McLaren,2026,Japanese Grand Prix,Qualifying,qualifying,-0.31050000000000466,0.0789711684426386,4,dry,
BOT,PER,Cadillac,2026,Japanese Grand Prix,Qualifying,qualifying,,,0,,insufficient_matched_pairs
ALB,SAI,Williams,2026,Miami Grand Prix,Race,race,-0.23499999999999943,0.038226791738343174,37,dry,
ALO,STR,Aston Martin,2026,Miami Grand Prix,Race,race,0.18700000000000472,0.17184562338921586,20,dry,
ANT,RUS,Mercedes,2026,Miami Grand Prix,Race,race,0.8889999999999958,0.11022293599618589,32,dry,
BEA,OCO,Haas F1 Team,2026,Miami Grand Prix,Race,race,0.125,0.04990529970793708,32,dry,
BOT,PER,Cadillac,2026,Miami Grand Prix,Race,race,-1.153499999999994,0.2707777181978252,10,dry,
HAM,LEC,Ferrari,2026,Miami Grand Prix,Race,race,-0.3579999999999899,0.10144616603698557,29,dry,
NOR,PIA,McLaren,2026,Miami Grand Prix,Race,race,0.3289999999999935,0.13674668144377744,35,dry,
COL,GAS,Alpine,2026,Miami Grand Prix,Race,race,,,0,,insufficient_matched_pairs
BOR,HUL,Audi,2026,Miami Grand Prix,Race,race,,,0,,insufficient_matched_pairs
LAW,LIN,Racing Bulls,2026,Miami Grand Prix,Race,race,,,0,,insufficient_matched_pairs
HAD,VER,Red Bull Racing,2026,Miami Grand Prix,Race,race,,,0,,insufficient_matched_pairs
ALB,SAI,Williams,2026,Miami Grand Prix,Qualifying,qualifying,0.2924999999999969,0.652166404154997,4,dry,
ANT,RUS,Mercedes,2026,Miami Grand Prix,Qualifying,qualifying,0.3990000000000009,0.1508962219998034,3,dry,
BEA,OCO,Haas F1 Team,2026,Miami Grand Prix,Qualifying,qualifying,0.3925000000000054,0.2657489313021552,4,dry,
COL,GAS,Alpine,2026,Miami Grand Prix,Qualifying,qualifying,0.18600000000000705,0.11310913850443155,3,dry,
HAD,VER,Red Bull Racing,2026,Miami Grand Prix,Qualifying,qualifying,-0.8755000000000024,0.35783645590258517,4,dry,
HAM,LEC,Ferrari,2026,Miami Grand Prix,Qualifying,qualifying,-0.17450000000000188,0.13652133896846957,4,dry,
NOR,PIA,McLaren,2026,Miami Grand Prix,Qualifying,qualifying,-0.08250000000000313,0.23751503811565514,4,dry,
ALO,STR,Aston Martin,2026,Miami Grand Prix,Qualifying,qualifying,,,0,,insufficient_matched_pairs
BOR,HUL,Audi,2026,Miami Grand Prix,Qualifying,qualifying,,,0,,insufficient_matched_pairs
BOT,PER,Cadillac,2026,Miami Grand Prix,Qualifying,qualifying,,,0,,insufficient_matched_pairs
LAW,LIN,Racing Bulls,2026,Miami Grand Prix,Qualifying,qualifying,,,0,,insufficient_matched_pairs
ALO,STR,Aston Martin,2026,Canadian Grand Prix,Race,race,0.9179999999999993,0.2001715076383747,10,dry,
ANT,RUS,Mercedes,2026,Canadian Grand Prix,Race,race,0.016999999999995907,0.04853121756228803,22,dry,
BEA,OCO,Haas F1 Team,2026,Canadian Grand Prix,Race,race,0.7484999999999999,0.24974149253196232,22,dry,
BOR,HUL,Audi,2026,Canadian Grand Prix,Race,race,-0.07500000000000284,0.14439105850701653,31,dry,
BOT,PER,Cadillac,2026,Canadian Grand Prix,Race,race,-0.9755000000000038,0.20380528573185275,16,dry,
COL,GAS,Alpine,2026,Canadian Grand Prix,Race,race,0.13100000000000023,0.12851380317832564,38,dry,
HAD,VER,Red Bull Racing,2026,Canadian Grand Prix,Race,race,-0.13850000000000762,0.09338719742900427,38,dry,
HAM,LEC,Ferrari,2026,Canadian Grand Prix,Race,race,0.32450000000000045,0.0978172785553969,46,dry,
NOR,PIA,McLaren,2026,Canadian Grand Prix,Race,race,0.47699999999999676,0.15154923533205167,16,dry,
LAW,LIN,Racing Bulls,2026,Canadian Grand Prix,Race,race,,,0,,missing_lap_time_data
ALB,SAI,Williams,2026,Canadian Grand Prix,Race,race,,,0,,no_compound_overlap
ALB,SAI,Williams,2026,Canadian Grand Prix,Qualifying,qualifying,-1.0150000000000006,0.3649095379980078,3,dry,
ALO,STR,Aston Martin,2026,Canadian Grand Prix,Qualifying,qualifying,0.7179999999999893,0.18112270048679643,3,dry,
ANT,RUS,Mercedes,2026,Canadian Grand Prix,Qualifying,qualifying,-0.08149999999999835,0.17531099787442553,4,dry,
BEA,OCO,Haas F1 Team,2026,Canadian Grand Prix,Qualifying,qualifying,0.6319999999999979,0.2655976187658578,4,dry,
BOR,HUL,Audi,2026,Canadian Grand Prix,Qualifying,qualifying,-0.18500000000000227,1.1405250840588168,3,dry,
COL,GAS,Alpine,2026,Canadian Grand Prix,Qualifying,qualifying,0.6344999999999956,1.2110835658249028,4,dry,
HAD,VER,Red Bull Racing,2026,Canadian Grand Prix,Qualifying,qualifying,0.10249999999999915,0.2890978004170142,4,dry,
HAM,LEC,Ferrari,2026,Canadian Grand Prix,Qualifying,qualifying,0.7740000000000009,0.2793082444297094,3,dry,
LAW,LIN,Racing Bulls,2026,Canadian Grand Prix,Qualifying,qualifying,-0.828000000000003,0.4815199920465281,6,dry,
NOR,PIA,McLaren,2026,Canadian Grand Prix,Qualifying,qualifying,0.18099999999999739,0.08125684607485913,3,dry,
BOT,PER,Cadillac,2026,Canadian Grand Prix,Qualifying,qualifying,,,0,,insufficient_matched_pairs
ALB,SAI,Williams,2026,Monaco Grand Prix,Race,race,0.05200000000000671,0.13458720022894163,31,dry,
ALO,STR,Aston Martin,2026,Monaco Grand Prix,Race,race,-0.10999999999999943,0.07178436723534933,37,dry,
ANT,RUS,Mercedes,2026,Monaco Grand Prix,Race,race,1.4150000000000063,0.24884301630900812,45,dry,
BEA,OCO,Haas F1 Team,2026,Monaco Grand Prix,Race,race,-1.573999999999998,1.0990444816278326,23,dry,
BOR,HUL,Audi,2026,Monaco Grand Prix,Race,race,0.7690000000000055,0.6036346481999759,47,dry,
BOT,PER,Cadillac,2026,Monaco Grand Prix,Race,race,-1.8499999999999943,0.3618164157503881,10,dry,
COL,GAS,Alpine,2026,Monaco Grand Prix,Race,race,-0.7520000000000095,0.18219232983045566,47,dry,
HAM,LEC,Ferrari,2026,Monaco Grand Prix,Race,race,-0.09599999999998943,0.08776612172770983,41,dry,
LAW,LIN,Racing Bulls,2026,Monaco Grand Prix,Race,race,0.2289999999999992,0.14860575675908952,37,dry,
NOR,PIA,McLaren,2026,Monaco Grand Prix,Race,race,-0.0034999999999953957,0.16154439324451603,36,dry,
HAD,VER,Red Bull Racing,2026,Monaco Grand Prix,Race,race,,,0,,missing_lap_time_data
ALB,SAI,Williams,2026,Monaco Grand Prix,Qualifying,qualifying,-0.012999999999991019,0.15351350468320407,3,dry,
ALO,STR,Aston Martin,2026,Monaco Grand Prix,Qualifying,qualifying,0.8920000000000101,0.7487759094405707,3,dry,
ANT,RUS,Mercedes,2026,Monaco Grand Prix,Qualifying,qualifying,0.48499999999999943,1.2653165481594137,5,dry,
BEA,OCO,Haas F1 Team,2026,Monaco Grand Prix,Qualifying,qualifying,0.06750000000000256,0.18508093865009695,4,dry,
BOR,HUL,Audi,2026,Monaco Grand Prix,Qualifying,qualifying,0.057999999999992724,0.2102439109750903,3,dry,
BOT,PER,Cadillac,2026,Monaco Grand Prix,Qualifying,qualifying,0.7729999999999961,1.0641773911881076,3,dry,
COL,GAS,Alpine,2026,Monaco Grand Prix,Qualifying,qualifying,-0.0555000000000021,1.7211263301088462,4,dry,
HAD,VER,Red Bull Racing,2026,Monaco Grand Prix,Qualifying,qualifying,-0.14850000000000563,0.1880721314985199,4,dry,
HAM,LEC,Ferrari,2026,Monaco Grand Prix,Qualifying,qualifying,1.9745000000000061,1.7768265988813459,4,dry,
LAW,LIN,Racing Bulls,2026,Monaco Grand Prix,Qualifying,qualifying,0.5280000000000058,0.2663765575823568,3,dry,
NOR,PIA,McLaren,2026,Monaco Grand Prix,Qualifying,qualifying,0.09250000000000114,0.11808387271234268,4,dry,
ALB,SAI,Williams,2026,Barcelona Grand Prix,Race,race,-0.37000000000000455,0.5929618073164045,27,dry,
ANT,RUS,Mercedes,2026,Barcelona Grand Prix,Race,race,0.08549999999999613,0.060822320264786775,46,dry,
BEA,OCO,Haas F1 Team,2026,Barcelona Grand Prix,Race,race,0.6470000000000056,0.7885611261198331,38,dry,
BOR,HUL,Audi,2026,Barcelona Grand Prix,Race,race,0.32399999999999807,0.40521538678298735,17,dry,
BOT,PER,Cadillac,2026,Barcelona Grand Prix,Race,race,-2.881999999999991,0.551463539566735,9,dry,
COL,GAS,Alpine,2026,Barcelona Grand Prix,Race,race,0.005000000000009663,0.2113693987281966,33,dry,
HAD,VER,Red Bull Racing,2026,Barcelona Grand Prix,Race,race,-1.7240000000000038,0.24597409222323519,21,dry,
HAM,LEC,Ferrari,2026,Barcelona Grand Prix,Race,race,0.7239999999999895,0.2595282796902091,43,dry,
LAW,LIN,Racing Bulls,2026,Barcelona Grand Prix,Race,race,-0.2914999999999992,0.2661348719090505,36,dry,
NOR,PIA,McLaren,2026,Barcelona Grand Prix,Race,race,0.3510000000000133,0.0784230139252048,43,dry,
ALO,STR,Aston Martin,2026,Barcelona Grand Prix,Race,race,,,0,,insufficient_matched_pairs
ALB,SAI,Williams,2026,Barcelona Grand Prix,Qualifying,qualifying,-0.5430000000000064,0.751910847323221,3,dry,
ANT,RUS,Mercedes,2026,Barcelona Grand Prix,Qualifying,qualifying,-0.26900000000000546,0.09931461774228911,3,dry,
BEA,OCO,Haas F1 Team,2026,Barcelona Grand Prix,Qualifying,qualifying,0.5019999999999953,0.2757072437119326,3,dry,
BOR,HUL,Audi,2026,Barcelona Grand Prix,Qualifying,qualifying,0.26200000000000045,0.2296429900059201,3,dry,
COL,GAS,Alpine,2026,Barcelona Grand Prix,Qualifying,qualifying,0.03949999999999676,0.08810640174117604,4,dry,
HAD,VER,Red Bull Racing,2026,Barcelona Grand Prix,Qualifying,qualifying,-0.27000000000001023,0.2023469845121029,3,dry,
NOR,PIA,McLaren,2026,Barcelona Grand Prix,Qualifying,qualifying,0.15699999999999648,0.0900347741962235,3,dry,
ALO,STR,Aston Martin,2026,Barcelona Grand Prix,Qualifying,qualifying,,,0,,insufficient_matched_pairs
BOT,PER,Cadillac,2026,Barcelona Grand Prix,Qualifying,qualifying,,,0,,insufficient_matched_pairs
HAM,LEC,Ferrari,2026,Barcelona Grand Prix,Qualifying,qualifying,,,0,,insufficient_matched_pairs
LAW,LIN,Racing Bulls,2026,Barcelona Grand Prix,Qualifying,qualifying,,,0,,insufficient_matched_pairs
ALO,STR,Aston Martin,2026,Austrian Grand Prix,Race,race,-0.08799999999999386,0.09315705097923141,35,dry,
ANT,RUS,Mercedes,2026,Austrian Grand Prix,Race,race,-0.04899999999999238,0.11110682213493636,47,dry,
BEA,OCO,Haas F1 Team,2026,Austrian Grand Prix,Race,race,0.17649999999999721,0.09425706465824371,36,dry,
BOR,HUL,Audi,2026,Austrian Grand Prix,Race,race,0.35650000000000404,0.3251525235386679,34,dry,
COL,GAS,Alpine,2026,Austrian Grand Prix,Race,race,-0.12199999999999989,0.059760147809943855,28,dry,
HAD,VER,Red Bull Racing,2026,Austrian Grand Prix,Race,race,-0.18999999999999773,0.22357643475594166,38,dry,
HAM,LEC,Ferrari,2026,Austrian Grand Prix,Race,race,0.034000000000006025,0.12063449374072117,43,dry,
LAW,LIN,Racing Bulls,2026,Austrian Grand Prix,Race,race,0.09799999999999898,0.033551603689095495,43,dry,
NOR,PIA,McLaren,2026,Austrian Grand Prix,Race,race,-0.06199999999999761,0.055610448856505554,49,dry,
BOT,PER,Cadillac,2026,Austrian Grand Prix,Race,race,,,0,,teammate_dnf_no_matched_laps
ALB,SAI,Williams,2026,Austrian Grand Prix,Race,race,,,0,,insufficient_matched_pairs
ALB,SAI,Williams,2026,Austrian Grand Prix,Qualifying,qualifying,0.0589999999999975,0.3301512439593222,3,dry,
ANT,RUS,Mercedes,2026,Austrian Grand Prix,Qualifying,qualifying,0.21599999999999397,0.26251414315110316,3,dry,
BEA,OCO,Haas F1 Team,2026,Austrian Grand Prix,Qualifying,qualifying,0.6849999999999952,0.28510751949513885,4,dry,
BOR,HUL,Audi,2026,Austrian Grand Prix,Qualifying,qualifying,0.35999999999999943,0.09003605281667287,4,dry,
BOT,PER,Cadillac,2026,Austrian Grand Prix,Qualifying,qualifying,-0.08500000000000796,0.27315697965553004,3,dry,
COL,GAS,Alpine,2026,Austrian Grand Prix,Qualifying,qualifying,-0.3050000000000068,0.31470487689825083,3,dry,
HAD,VER,Red Bull Racing,2026,Austrian Grand Prix,Qualifying,qualifying,-0.1319999999999908,0.3336055049739895,3,dry,
HAM,LEC,Ferrari,2026,Austrian Grand Prix,Qualifying,qualifying,0.3089999999999975,0.1450365294464594,3,dry,
LAW,LIN,Racing Bulls,2026,Austrian Grand Prix,Qualifying,qualifying,0.069500000000005,0.026664929180443515,4,dry,
NOR,PIA,McLaren,2026,Austrian Grand Prix,Qualifying,qualifying,-0.2150000000000034,0.158974214062333,3,dry,
ALO,STR,Aston Martin,2026,Austrian Grand Prix,Qualifying,qualifying,,,0,,insufficient_matched_pairs
ALB,SAI,Williams,2026,British Grand Prix,Race,race,-1.4159999999999968,0.6156968244669222,11,dry,
ALO,STR,Aston Martin,2026,British Grand Prix,Race,race,0.14749999999999375,0.12535633219355585,28,dry,
ANT,RUS,Mercedes,2026,British Grand Prix,Race,race,0.4859999999999971,0.08376094720110246,18,dry,
BEA,OCO,Haas F1 Team,2026,British Grand Prix,Race,race,0.06199999999999761,0.1365911708629377,24,dry,
BOR,HUL,Audi,2026,British Grand Prix,Race,race,0.4930000000000021,0.04970758833506268,22,dry,
BOT,PER,Cadillac,2026,British Grand Prix,Race,race,-0.4899999999999949,0.11543101931551969,25,dry,
COL,GAS,Alpine,2026,British Grand Prix,Race,race,-0.12750000000000483,0.06627327584208136,28,dry,
HAD,VER,Red Bull Racing,2026,British Grand Prix,Race,race,-0.3715000000000046,0.0800685332059974,32,dry,
HAM,LEC,Ferrari,2026,British Grand Prix,Race,race,-0.3019999999999996,0.06747688105734806,32,dry,
LAW,LIN,Racing Bulls,2026,British Grand Prix,Race,race,0.05449999999999733,0.05498109563183446,30,dry,
NOR,PIA,McLaren,2026,British Grand Prix,Race,race,1.2985000000000042,1.2791897772301708,12,dry,
ALB,SAI,Williams,2026,British Grand Prix,Qualifying,qualifying,-0.11999999999999034,1.360512224277457,3,dry,
ANT,RUS,Mercedes,2026,British Grand Prix,Qualifying,qualifying,0.33549999999999613,0.3159337171106609,4,dry,
BOR,HUL,Audi,2026,British Grand Prix,Qualifying,qualifying,0.028999999999996362,0.30338225011639475,3,dry,
HAD,VER,Red Bull Racing,2026,British Grand Prix,Qualifying,qualifying,0.13600000000000279,0.07871025821802699,4,dry,
HAM,LEC,Ferrari,2026,British Grand Prix,Qualifying,qualifying,-0.07149999999999324,0.121484437119379,4,dry,
LAW,LIN,Racing Bulls,2026,British Grand Prix,Qualifying,qualifying,-0.3790000000000049,0.13264100018821764,3,dry,
NOR,PIA,McLaren,2026,British Grand Prix,Qualifying,qualifying,0.012000000000000455,0.0966115568859335,4,dry,
COL,GAS,Alpine,2026,British Grand Prix,Qualifying,qualifying,,,0,,insufficient_matched_pairs
ALO,STR,Aston Martin,2026,British Grand Prix,Qualifying,qualifying,,,0,,insufficient_matched_pairs
BOT,PER,Cadillac,2026,British Grand Prix,Qualifying,qualifying,,,0,,insufficient_matched_pairs
BEA,OCO,Haas F1 Team,2026,British Grand Prix,Qualifying,qualifying,,,0,,insufficient_matched_pairs
ALB,SAI,Williams,2026,Belgian Grand Prix,Race,race,-0.48099999999999454,0.07470257274267336,17,dry,
ALO,STR,Aston Martin,2026,Belgian Grand Prix,Race,race,0.18999999999999773,0.16301303780524365,15,dry,
BEA,OCO,Haas F1 Team,2026,Belgian Grand Prix,Race,race,0.10549999999999216,0.09382176729185987,26,dry,
BOR,HUL,Audi,2026,Belgian Grand Prix,Race,race,0.6864999999999952,0.20085226907292272,30,dry,
COL,GAS,Alpine,2026,Belgian Grand Prix,Race,race,0.06099999999999994,0.05533238964968174,24,dry,
HAD,VER,Red Bull Racing,2026,Belgian Grand Prix,Race,race,-0.2740000000000009,0.3641211551827937,19,dry,
HAM,LEC,Ferrari,2026,Belgian Grand Prix,Race,race,-0.1360000000000099,0.09673355643177727,29,dry,
LAW,LIN,Racing Bulls,2026,Belgian Grand Prix,Race,race,-0.6550000000000011,0.10537920006721932,25,dry,
NOR,PIA,McLaren,2026,Belgian Grand Prix,Race,race,-0.07399999999999807,0.8771593933814972,19,dry,
BOT,PER,Cadillac,2026,Belgian Grand Prix,Race,race,,,0,,insufficient_matched_pairs
ANT,RUS,Mercedes,2026,Belgian Grand Prix,Race,race,,,0,,missing_lap_time_data
ANT,RUS,Mercedes,2026,Belgian Grand Prix,Qualifying,qualifying,0.5079999999999956,0.09055105055578473,3,dry,
BOR,HUL,Audi,2026,Belgian Grand Prix,Qualifying,qualifying,0.5585000000000093,0.2888130882486005,4,dry,
BOT,PER,Cadillac,2026,Belgian Grand Prix,Qualifying,qualifying,-0.117999999999995,0.314639746844379,3,dry,
COL,GAS,Alpine,2026,Belgian Grand Prix,Qualifying,qualifying,-0.15399999999999636,0.15579160915942888,4,dry,
HAM,LEC,Ferrari,2026,Belgian Grand Prix,Qualifying,qualifying,-0.1460000000000008,0.0788113615521922,3,dry,
LAW,LIN,Racing Bulls,2026,Belgian Grand Prix,Qualifying,qualifying,-0.30000000000000426,0.06914755620069477,4,dry,
NOR,PIA,McLaren,2026,Belgian Grand Prix,Qualifying,qualifying,0.6150000000000091,0.18099527133116797,3,dry,
ALO,STR,Aston Martin,2026,Belgian Grand Prix,Qualifying,qualifying,,,0,,insufficient_matched_pairs
BEA,OCO,Haas F1 Team,2026,Belgian Grand Prix,Qualifying,qualifying,,,0,,insufficient_matched_pairs
HAD,VER,Red Bull Racing,2026,Belgian Grand Prix,Qualifying,qualifying,,,0,,insufficient_matched_pairs
ALB,SAI,Williams,2026,Belgian Grand Prix,Qualifying,qualifying,,,0,,insufficient_matched_pairs
ALB,SAI,Williams,2026,Hungarian Grand Prix,Race,race,0.09649999999999892,0.29023484858185195,28,dry,
ALO,STR,Aston Martin,2026,Hungarian Grand Prix,Race,race,0.34499999999999886,1.2084179045827275,37,dry,
ANT,RUS,Mercedes,2026,Hungarian Grand Prix,Race,race,0.4129999999999967,0.1374971131592509,43,dry,
BEA,OCO,Haas F1 Team,2026,Hungarian Grand Prix,Race,race,-0.42899999999999494,0.19794303842889568,40,dry,
BOR,HUL,Audi,2026,Hungarian Grand Prix,Race,race,-1.4590000000000032,0.6588044137006912,33,dry,
BOT,PER,Cadillac,2026,Hungarian Grand Prix,Race,race,0.3500000000000085,0.17585107537832081,11,dry,
COL,GAS,Alpine,2026,Hungarian Grand Prix,Race,race,-0.4749999999999943,0.12331778978427094,37,dry,
HAD,VER,Red Bull Racing,2026,Hungarian Grand Prix,Race,race,-0.3824999999999932,0.07770129310346166,32,dry,
HAM,LEC,Ferrari,2026,Hungarian Grand Prix,Race,race,-0.0015000000000000568,0.04641482879783411,48,dry,
LAW,LIN,Racing Bulls,2026,Hungarian Grand Prix,Race,race,0.21999999999999886,0.07772263716143146,29,dry,
NOR,PIA,McLaren,2026,Hungarian Grand Prix,Race,race,0.09100000000000819,0.05101779876465418,39,dry,
ALB,SAI,Williams,2026,Hungarian Grand Prix,Qualifying,qualifying,0.5190000000000055,0.7541764257255162,3,dry,
ANT,RUS,Mercedes,2026,Hungarian Grand Prix,Qualifying,qualifying,0.22399999999999665,0.033128042172424765,4,dry,
BOR,HUL,Audi,2026,Hungarian Grand Prix,Qualifying,qualifying,-0.27299999999999613,0.16437435568788877,3,dry,
BOT,PER,Cadillac,2026,Hungarian Grand Prix,Qualifying,qualifying,0.36299999999999955,0.11527257584413417,3,dry,
COL,GAS,Alpine,2026,Hungarian Grand Prix,Qualifying,qualifying,-0.030000000000001137,0.16431272515130235,3,dry,
HAD,VER,Red Bull Racing,2026,Hungarian Grand Prix,Qualifying,qualifying,-0.09799999999999898,0.21209364730284894,3,dry,
HAM,LEC,Ferrari,2026,Hungarian Grand Prix,Qualifying,qualifying,-0.3049999999999926,0.4961745118576929,3,dry,
LAW,LIN,Racing Bulls,2026,Hungarian Grand Prix,Qualifying,qualifying,0.07200000000000273,0.23572720481541762,3,dry,
NOR,PIA,McLaren,2026,Hungarian Grand Prix,Qualifying,qualifying,0.4719999999999942,0.09050881144368794,3,dry,
ALO,STR,Aston Martin,2026,Hungarian Grand Prix,Qualifying,qualifying,,,0,,insufficient_matched_pairs
BEA,OCO,Haas F1 Team,2026,Hungarian Grand Prix,Qualifying,qualifying,,,0,,insufficient_matched_pairs
ALB,SAI,Williams,2026,Dutch Grand Prix,Race,race,-0.6039999999999992,0.21383769390435792,16,dry,
ALO,STR,Aston Martin,2026,Dutch Grand Prix,Race,race,0.681999999999988,0.39538661470273345,17,dry,
ALO,STR,Aston Martin,2026,Dutch Grand Prix,Race,race,,,1,wet,insufficient_matched_pairs
ANT,RUS,Mercedes,2026,Dutch Grand Prix,Race,race,0.3119999999999976,0.09652208726156493,29,dry,
ANT,RUS,Mercedes,2026,Dutch Grand Prix,Race,race,,,2,wet,insufficient_matched_pairs
BOR,HUL,Audi,2026,Dutch Grand Prix,Race,race,-0.2610000000000099,0.6135269418406686,17,dry,
BOR,HUL,Audi,2026,Dutch Grand Prix,Race,race,,,1,wet,insufficient_matched_pairs
BOT,PER,Cadillac,2026,Dutch Grand Prix,Race,race,-0.3990000000000009,0.15942474186687272,37,dry,
BOT,PER,Cadillac,2026,Dutch Grand Prix,Race,race,,,4,wet,insufficient_matched_pairs
COL,GAS,Alpine,2026,Dutch Grand Prix,Race,race,-0.7789999999999964,0.41562454781268043,20,dry,
COL,GAS,Alpine,2026,Dutch Grand Prix,Race,race,,,1,wet,insufficient_matched_pairs
HAM,LEC,Ferrari,2026,Dutch Grand Prix,Race,race,-0.2639999999999958,0.06845185748241381,29,dry,
HAM,LEC,Ferrari,2026,Dutch Grand Prix,Race,race,,,1,wet,insufficient_matched_pairs
LIN,TSU,Racing Bulls,2026,Dutch Grand Prix,Race,race,0.9210000000000065,0.3643032838963392,11,dry,
NOR,PIA,McLaren,2026,Dutch Grand Prix,Race,race,0.7749999999999915,0.3041891072803046,31,dry,
BEA,OCO,Haas F1 Team,2026,Dutch Grand Prix,Race,race,,,0,,teammate_dnf_no_matched_laps
LAW,VER,Red Bull Racing,2026,Dutch Grand Prix,Race,race,,,0,,missing_lap_time_data
ALO,STR,Aston Martin,2026,Dutch Grand Prix,Qualifying,qualifying,0.4959999999999951,0.1746694707956357,3,dry,
ANT,RUS,Mercedes,2026,Dutch Grand Prix,Qualifying,qualifying,-0.1799999999999926,0.14723908198322425,3,dry,
BOT,PER,Cadillac,2026,Dutch Grand Prix,Qualifying,qualifying,0.2289999999999992,0.058794580555549196,3,dry,
COL,GAS,Alpine,2026,Dutch Grand Prix,Qualifying,qualifying,-0.10599999999999454,0.08028504301632146,3,dry,
HAM,LEC,Ferrari,2026,Dutch Grand Prix,Qualifying,qualifying,-0.060000000000002274,0.19075625365189866,3,dry,
LAW,VER,Red Bull Racing,2026,Dutch Grand Prix,Qualifying,qualifying,-0.1150000000000091,0.052619725831160966,3,dry,
LAW,VER,Red Bull Racing,2026,Dutch Grand Prix,Qualifying,qualifying,,,1,wet,insufficient_matched_pairs
LIN,TSU,Racing Bulls,2026,Dutch Grand Prix,Qualifying,qualifying,0.007999999999995566,0.1304272275166389,5,dry,
NOR,PIA,McLaren,2026,Dutch Grand Prix,Qualifying,qualifying,0.14200000000001012,0.09557689426696118,3,dry,
NOR,PIA,McLaren,2026,Dutch Grand Prix,Qualifying,qualifying,,,1,wet,insufficient_matched_pairs
BOR,HUL,Audi,2026,Dutch Grand Prix,Qualifying,qualifying,,,0,,insufficient_matched_pairs
BEA,OCO,Haas F1 Team,2026,Dutch Grand Prix,Qualifying,qualifying,,,0,,insufficient_matched_pairs
ALB,SAI,Williams,2026,Dutch Grand Prix,Qualifying,qualifying,,,0,,insufficient_matched_pairs
